ID,tested_param,param_value,n_estimators,learning_rate,max_depth,top_rate,other_rate,max_bin,MCC_train,MCC_val,BA_train,BA_val,CKP_train,CKP_val,LogLoss_train,LogLoss_val,Training_time
1,n_estimators,150,150,0.1,-1,0.2,0.1,255,0.8612,0.8584,0.8608,0.8594,0.8561,0.8534,0.1018,0.1126,62.8649
2,n_estimators,200,200,0.1,-1,0.2,0.1,255,0.8631,0.8583,0.8623,0.8595,0.8582,0.8534,0.0981,0.1127,40.3863
3,n_estimators,250,250,0.1,-1,0.2,0.1,255,0.8653,0.8578,0.8642,0.8594,0.8605,0.853,0.0947,0.1128,56.3317
4,learning_rate,0.1,100,0.1,-1,0.2,0.1,255,0.8597,0.8579,0.8597,0.8588,0.8546,0.8528,0.106,0.1126,24.797
5,learning_rate,0.2,100,0.2,-1,0.2,0.1,255,0.85,0.8416,0.8592,0.8567,0.846,0.8381,0.1303,0.1517,19.1589
6,learning_rate,0.3,100,0.3,-1,0.2,0.1,255,0.8399,0.8355,0.8524,0.8518,0.8359,0.8319,0.2081,0.2302,19.595
7,max_depth,-5,100,0.1,-5,0.2,0.1,255,0.8597,0.8579,0.8597,0.8588,0.8546,0.8528,0.106,0.1126,23.9492
8,max_depth,-10,100,0.1,-10,0.2,0.1,255,0.8597,0.8579,0.8597,0.8588,0.8546,0.8528,0.106,0.1126,26.2148
9,max_depth,-15,100,0.1,-15,0.2,0.1,255,0.8597,0.8579,0.8597,0.8588,0.8546,0.8528,0.106,0.1126,26.7863
10,top_rate,0.2,100,0.1,-1,0.2,0.1,255,0.8597,0.8579,0.8597,0.8588,0.8546,0.8528,0.106,0.1126,23.0011
11,top_rate,0.4,100,0.1,-1,0.4,0.1,255,0.8598,0.8575,0.8598,0.8587,0.8547,0.8525,0.1055,0.1125,28.2006
12,top_rate,0.6,100,0.1,-1,0.6,0.1,255,0.8596,0.8577,0.8597,0.8588,0.8545,0.8527,0.1052,0.1125,36.1521
13,other_rate,0.1,100,0.1,-1,0.2,0.1,255,0.8597,0.8579,0.8597,0.8588,0.8546,0.8528,0.106,0.1126,21.7649
14,other_rate,0.3,100,0.1,-1,0.2,0.3,255,0.8597,0.8582,0.8597,0.8593,0.8546,0.8532,0.1053,0.1125,29.3044
15,other_rate,0.5,100,0.1,-1,0.2,0.5,255,0.8597,0.8578,0.8597,0.8589,0.8546,0.8528,0.1049,0.1125,39.6867
16,max_bin,255,100,0.1,-1,0.2,0.1,255,0.8597,0.8579,0.8597,0.8588,0.8546,0.8528,0.106,0.1126,24.5103
17,max_bin,300,100,0.1,-1,0.2,0.1,300,0.86,0.8578,0.8601,0.8593,0.8549,0.8528,0.1058,0.1124,23.6648
18,max_bin,350,100,0.1,-1,0.2,0.1,350,0.8601,0.8586,0.8593,0.8588,0.8549,0.8535,0.1055,0.1123,25.1547
